entry_z,exit_z,cooldown,total_return,ann_return,sharpe,max_dd,num_trades,win_rate,profit_factor,pct_time_invested,total_costs
1.0,0.2,21,2.3822434881330237,0.3378555925949378,-0.8763314206714495,13.854039026829224,37,35.13513513513514,0.7361137605666546,36.93181818181818,29728.34910000024
1.0,0.2,15,1.7495926720165529,0.2487938029430703,-0.901415217084853,13.771931848205728,37,35.13513513513514,0.7033786546928623,36.93181818181818,28257.957274694974
1.0,0.2,42,2.417885713705595,0.34285910444644685,-0.875312924618303,13.85989064621261,37,35.13513513513514,0.7326902346400241,36.93181818181818,29063.52998134126
1.0,0.5,10,-1.0629355534897769,-0.15297753549348148,-0.9902672475311319,13.772006361390282,41,29.268292682926827,0.41527504184346803,33.97727272727273,30573.007342229634
1.0,0.2,30,2.1250852707272863,0.30171102470164524,-0.8824742864976945,14.054726146899679,37,35.13513513513514,0.7410535224984947,36.93181818181818,29595.882323310554
1.0,0.5,21,-0.6952662054543965,-0.0999040135257756,-0.9738903301198577,13.771994496027856,41,29.268292682926827,0.41876747606225934,33.97727272727273,29979.515446917685
1.0,0.2,10,1.9609779952964514,0.2786043425889728,-0.8938626088592311,13.771932148926833,37,35.13513513513514,0.7303924488054833,36.93181818181818,29900.883837085377
1.0,0.5,15,-1.5146352453749743,-0.21841274973800617,-1.0064680673778386,13.77200438095651,41,29.268292682926827,0.4064526245626448,33.97727272727273,29694.018692046102
1.2,0.2,10,3.2865538883319356,0.4643452534346171,-0.8660435561145305,13.581656752165063,36,33.33333333333333,0.7715435615404878,35.79545454545455,29910.58701684978
1.0,0.5,42,-0.7807398900364758,-0.11222720691063115,-0.9763093773563585,13.771993405950886,41,29.268292682926827,0.4172402492829811,33.97727272727273,29535.512624466686
1.0,0.8,15,-0.8035797775576473,-0.115521694205023,-1.0459581703231906,13.772009423763576,48,25.0,0.3716580662016143,30.852272727272727,31643.73087869311
1.0,0.8,21,-1.3133808063527337,-0.18922645082110057,-1.05858330082839,13.771992208103528,48,22.916666666666664,0.36324902212808646,30.852272727272727,31519.21170494573
1.0,0.8,10,-1.8516495746362955,-0.2674018292304625,-1.083545501592558,13.772001638787184,48,25.0,0.3604844505962707,30.852272727272727,32796.098892756614
1.0,0.5,30,-0.8104347262764233,-0.11651059738617686,-0.9754798580131517,14.05481267333461,41,29.268292682926827,0.4238393654875789,33.97727272727273,29944.66090081958
1.0,0.8,42,-1.348912657627114,-0.19437563800305258,-1.0596641840465502,13.771991117841335,48,22.916666666666664,0.3629557197697301,30.852272727272727,30875.05274252398
1.0,0.8,30,-1.218772051902418,-0.17552372730261778,-1.0536951574197526,14.054808053360299,48,25.0,0.36739275175003644,30.852272727272727,32440.498567519695
1.2,0.2,42,3.900815940844768,0.5497245974410259,-0.8436988243404953,13.58163877551678,36,33.33333333333333,0.781268901176391,35.79545454545455,28602.377281948844
1.2,0.5,15,1.1760247275554225,0.16763845270386657,-0.9333544053413619,13.581786058815556,40,30.0,0.4663582857549986,33.01136363636364,29332.958765763426
1.2,0.2,15,3.068696459153795,0.4339596417845648,-0.8732011312237534,13.581663968036104,36,33.33333333333333,0.7427579349741062,35.79545454545455,27978.916511369567
1.2,0.2,21,3.7818121886866165,0.5332175095895009,-0.8470287563891954,13.581636864255408,36,33.33333333333333,0.7813917103044202,35.79545454545455,29504.841657212404
1.2,0.2,30,3.5115108619814275,0.49566350445051643,-0.8558664297326223,13.728900766696242,36,33.33333333333333,0.7792296119262185,35.79545454545455,29598.71991607573
1.2,0.5,10,1.6443358376478892,0.23393020280126908,-0.9177606644069881,13.581780524512475,40,30.0,0.4738997877192632,33.01136363636364,30494.757506511225
1.2,0.5,21,2.1409762304925244,0.303946818733869,-0.8983706717004389,13.5817679243597,40,30.0,0.47911941981183237,33.01136363636364,29901.620607597582
1.2,0.5,30,1.9609811656329315,0.2786047892872956,-0.9047880997277189,13.729043710720504,40,30.0,0.4851561387047407,33.01136363636364,29847.23312492003
1.2,0.5,42,2.1517585887708237,0.3054636834165958,-0.8979835243868032,13.581769844289928,40,30.0,0.4789469734443828,33.01136363636364,29225.794770997425
1.2,0.8,15,-0.6232071258579963,-0.08952193260239882,-1.049547000385793,13.58173526272504,41,29.268292682926827,0.4211529068101224,29.602272727272727,27936.470056433078
1.2,0.8,10,-1.6455870250275242,-0.23743107701352795,-1.0878100705937375,13.581726007847278,41,29.268292682926827,0.40740316982973,29.602272727272727,29155.19869193496
1.2,0.8,21,-1.0323707872297032,-0.14855904003989728,-1.06028969982705,13.581715206736819,41,29.268292682926827,0.4108926074690891,29.602272727272727,28143.864674951365
1.2,0.8,30,-0.9929668654563255,-0.1428644657857081,-1.0607727801422029,13.728982474669705,41,29.268292682926827,0.4165660592427391,29.602272727272727,29047.42905802284
1.2,0.8,42,-1.049684893839492,-0.15106185364759384,-1.0608464125327877,13.581717123289364,41,29.268292682926827,0.4108550976156495,29.602272727272727,27711.99945562663
1.4,0.2,10,2.199779760753794,0.3122176476971772,-0.9570431708182785,13.58154162136611,29,34.48275862068966,0.7940083345294721,31.079545454545453,24398.236236352954
1.4,0.2,15,2.078649891641364,0.2951760454722452,-0.9620646494702646,13.581548810124144,29,34.48275862068966,0.7678974653281866,31.079545454545453,22874.413050927902
1.4,0.2,21,2.8367401073218788,0.40154704447357137,-0.9309782167667464,13.58152362282809,29,34.48275862068966,0.8146383476628395,31.079545454545453,24770.960913492563
1.4,0.2,30,2.479324623286724,0.3514804944485306,-0.9434414551982796,13.728769843378203,29,34.48275862068966,0.8057849105579376,31.079545454545453,24381.558528517144
1.4,0.5,10,-0.12579454312826274,-0.01803144985309535,-1.034272004269926,13.581593451553356,30,33.33333333333333,0.5548853849123816,28.579545454545453,24136.708381681357
1.4,0.5,15,-0.48622297190999375,-0.06980339080361331,-1.0483050917272314,13.581598952663615,30,33.33333333333333,0.5458496263513154,28.579545454545453,22826.520607896437
1.4,0.2,42,2.950841063916532,0.4174988470934782,-0.9275322280815191,13.581525525907146,29,34.48275862068966,0.8145289104814571,31.079545454545453,23877.430239898138
1.4,0.5,21,0.48177702099828745,0.06887890550060227,-1.0082296538292728,13.58158664831824,30,33.33333333333333,0.5653380405278718,28.579545454545453,23828.701621021908
1.4,0.5,30,0.22324625542489812,0.031952433248050305,-1.0180749673092397,13.7288309643825,30,33.33333333333333,0.5625536996929957,28.579545454545453,23703.494185274943
1.4,0.5,42,0.48864129614831187,0.06985823402394509,-1.0079178646469982,13.581588556127782,30,33.33333333333333,0.5651339295147122,28.579545454545453,23162.64410109214
1.4,0.8,10,-3.209798062058003,-0.4662973306599705,-1.1667601660581348,13.581589485804688,30,33.33333333333333,0.437941054133024,26.477272727272727,22782.304958669574
1.4,0.8,15,-2.375745807089831,-0.34387259407004933,-1.1333262328605933,13.58159869981008,30,33.33333333333333,0.4512396609496527,26.477272727272727,21557.67905748768
1.4,0.8,30,-2.768120501598413,-0.4013544681555459,-1.1457157839975247,13.728827213539308,30,33.33333333333333,0.443363366709275,26.477272727272727,23100.325685380158
1.4,0.8,42,-2.5614606631884698,-0.3710546189757413,-1.137116242725035,13.581585483410278,30,33.33333333333333,0.4452303968447125,26.477272727272727,21612.60516107745
1.4,0.8,21,-2.544387474665721,-0.3685538618785067,-1.1365414733333188,13.581583575780881,30,33.33333333333333,0.44527645253379255,26.477272727272727,22039.85696623575
1.6,0.2,10,1.6984691228423967,0.2415761554553253,-0.9812718856665194,13.581663160471644,27,40.74074074074074,0.8358880728023035,30.227272727272727,23286.123530095956
1.6,0.2,15,1.5636719931454397,0.2225305170232117,-0.9869718459807573,13.581670866398184,27,40.74074074074074,0.8086023692268006,30.227272727272727,21969.445120109947
1.6,0.2,21,2.432213921211031,0.3448701004331367,-0.9537871543017078,13.581646929755328,27,37.03703703703704,0.8633191998301635,30.227272727272727,23393.81007460387
1.6,0.2,30,1.978385915830196,0.28105692791151604,-0.9674248362720737,13.728907323337577,27,40.74074074074074,0.8498858575975765,30.227272727272727,23023.890299295446
1.6,0.2,42,2.5391858915114542,0.3598762444777748,-0.950525006539325,13.581649749444225,27,37.03703703703704,0.8635077865160444,30.227272727272727,22493.837843089324
1.6,0.5,10,-0.6157807290078257,-0.08845232369103506,-1.059496689267583,13.581715183934758,28,35.714285714285715,0.5692004205015785,27.727272727272727,23038.105365609
1.6,0.5,21,0.0890853898498346,0.012757791881790048,-1.0320940839777055,13.581710194995091,28,32.142857142857146,0.5828980652965585,27.727272727272727,22460.67666970502
1.6,0.5,30,-0.26315093008024854,-0.03774241569709513,-1.0429051800679874,13.728968671059816,28,35.714285714285715,0.5778784998261475,27.727272727272727,22365.517445137346
1.6,0.5,15,-0.9829422826330061,-0.1414160433903966,-1.0741829844293247,13.581721196658853,28,35.714285714285715,0.5597860003934687,27.727272727272727,21937.177646947086
1.6,0.5,42,0.08940568149476312,0.012803642838088436,-1.032007433210164,13.581713021210117,28,32.142857142857146,0.582858776678547,27.727272727272727,21787.296116544807
1.6,0.8,10,-2.935462686323421,-0.4259301340365118,-1.1677236942801332,13.581711203347608,28,39.285714285714285,0.4879696020761644,25.738636363636363,21798.85626096347
1.6,0.8,15,-2.1072516765146867,-0.30465285617967686,-1.1343925327922335,13.581720943824843,28,39.285714285714285,0.5041667121243917,25.738636363636363,20542.394154165224
1.6,0.8,21,-2.235853495821543,-0.32342659236714866,-1.1388620261253453,13.581707110787688,28,35.714285714285715,0.4976879367213274,25.738636363636363,21235.516893900498
1.6,0.8,30,-2.487338396795583,-0.3602004473978959,-1.1464079079437681,13.728964906257701,28,39.285714285714285,0.49480623033865273,25.738636363636363,21868.91176305405
1.8,0.2,10,4.514793758013798,0.6346333734891685,-0.9052712249803905,13.58173703959841,27,48.148148148148145,0.9966756273754955,29.204545454545457,23172.241140392445
1.6,0.8,42,-2.2475241008375306,-0.32513135441442076,-1.1392814127837996,13.58170993673575,28,35.714285714285715,0.4977797723997134,25.738636363636363,20807.2381602816
1.8,0.2,15,4.033852678737184,0.5681590452161212,-0.9223515118525412,13.581744928370371,27,48.148148148148145,0.9573193995499728,29.204545454545457,22003.921833639666
1.8,0.2,21,4.965538020103262,0.6966965034241213,-0.8878744369507536,13.581728528999767,27,48.148148148148145,1.0165892720108416,29.204545454545457,23217.974437150828
1.8,0.2,30,4.470081604752643,0.6284644470784251,-0.9025213543767923,13.728990974317052,27,48.148148148148145,0.9986372179647202,29.204545454545457,23072.166608924792
1.8,0.2,42,5.057066217244882,0.7092711541665686,-0.8851055352043357,13.581728528999767,27,48.148148148148145,1.015635267484672,29.204545454545457,22535.986169695872
1.8,0.5,10,1.5919116118078467,0.22652231705455605,-1.0005291089183563,13.581701887437022,27,37.03703703703704,0.6624198691782827,26.590909090909093,22337.328293202263
1.8,0.5,15,0.9527886299694424,0.1359457125183594,-1.024652545937107,13.581708061838626,27,37.03703703703704,0.6496377628296187,26.590909090909093,21400.83841090909
1.8,0.5,30,1.697744357613637,0.24147381040404703,-0.992888463100107,13.728953189960572,27,33.33333333333333,0.6680415380004869,26.590909090909093,21830.07515388741
1.8,0.5,42,2.0693435870634973,0.29386603715686466,-0.981492457493942,13.58170465268386,27,37.03703703703704,0.6745077048549893,26.590909090909093,21254.18516288904
1.8,0.5,21,2.0866324961632605,0.2962996407232188,-0.9810602836396296,13.58170465268386,27,37.03703703703704,0.6752590097386233,26.590909090909093,21700.44503711469
1.8,0.8,10,-0.7658720006216317,-0.1100829713546636,-1.1075503490102159,13.58169790847181,27,40.74074074074074,0.573319974901344,24.602272727272727,21079.100422461524
1.8,0.8,15,-0.1768728682828136,-0.0253585961047742,-1.0839799632828084,13.581707808638278,27,40.74074074074074,0.5889743455966139,24.602272727272727,19996.794242615637
1.8,0.8,21,-0.28462865579505453,-0.040826622359446674,-1.0874821315406586,13.581701569000979,27,40.74074074074074,0.5818400140139405,24.602272727272727,20453.384630111424
1.8,0.8,30,-0.5535670195196056,-0.07949449762552074,-1.095514764994315,13.728949426728764,27,40.74074074074074,0.5771613734083594,24.602272727272727,21322.85554480896
1.8,0.8,42,-0.31376156709775094,-0.04501102524061551,-1.0884357962263795,13.581701569000979,27,40.74074074074074,0.5813487583637904,24.602272727272727,20255.583223531135
2.0,0.2,10,6.590156069096643,0.9185125235105174,-0.8484873046982457,13.685061057472586,27,55.55555555555556,1.1349663081577421,28.295454545454547,23335.554529976795
2.0,0.2,15,6.041203671753034,0.8438877112080023,-0.8672036792656028,13.68506782517484,27,55.55555555555556,1.0911882754313291,28.295454545454547,22316.91096170047
2.0,0.2,21,7.027624134585471,0.9777467233534454,-0.8319389265749584,13.685053009470781,27,55.55555555555556,1.156513116554573,28.295454545454547,23376.60731614729
2.0,0.2,30,6.878707628355711,0.9576064052047029,-0.8399188624502395,13.609755416958333,27,55.55555555555556,1.15049535571371,28.295454545454547,23275.923388090287
2.0,0.2,42,7.121036403397355,0.9903680817209937,-0.8291656089279045,13.685053009470781,27,55.55555555555556,1.1553459037740639,28.295454545454547,22680.23364713654
2.0,0.5,10,3.6918893390371585,0.5207334927453511,-0.9402767577673122,13.685030500014376,27,44.44444444444444,0.7674021728569607,25.795454545454543,22510.84376169409
2.0,0.5,21,4.143817116010143,0.5833812028986918,-0.9224956591669133,13.685032254903536,27,44.44444444444444,0.7826150579774719,25.795454545454543,21840.34709509194
2.0,0.5,42,4.126248549662239,0.5809501458550193,-0.9229316104215699,13.685032254903536,27,44.44444444444444,0.7816601599806531,25.795454545454543,21384.27463866982
2.0,0.5,15,3.010552915028273,0.4258407832124167,-0.9650144801961482,13.685035777531022,27,44.44444444444444,0.7568709290049283,25.795454545454543,21542.045909029166
2.0,0.5,30,4.064246033181798,0.5723677145937023,-0.9288712171532498,13.609726480201301,27,40.74074074074074,0.7815158121075277,25.795454545454543,22026.248349049605
2.0,0.8,10,0.1888907864974346,0.027039230990610896,-1.0853999403046009,13.685027041135783,26,50.0,0.6745615017366849,23.75,20819.469683617826
2.0,0.8,15,0.7552426743138698,0.10785007710303329,-1.06254296042869,13.68503555782718,26,50.0,0.694643064775178,23.75,19503.02109330966
2.0,0.8,21,0.6234529458068894,0.08908025243083983,-1.0667704507838855,13.685029574347125,26,50.0,0.6850385001320323,23.75,19964.577706813518
2.0,0.8,30,0.6588135193058872,0.09411846069879992,-1.0699343523572715,13.609723598169584,26,50.0,0.68598853825625,23.75,20895.57271995476
2.0,0.8,42,0.5940651078547816,0.08489189091860361,-1.067730141700278,13.685029574347125,26,50.0,0.6844069563197798,23.75,19764.8704453989
